scenario_id,system_id,system_name,redose_events,first_low_residual_cycle,first_micro_action_cycle,minimum_pre_redose_residual_ppm,status
LOW,LOOP_A,Conditioning loop,2,,,1.5813863031687838,DEMONSTRATION / NOT VALIDATED
LOW,LOOP_B,Open-product wash loop,3,,,1.5389191951303507,DEMONSTRATION / NOT VALIDATED
LOW,LOOP_C,Chilled recovery loop,1,,,1.5760832391272994,DEMONSTRATION / NOT VALIDATED
TYPICAL,LOOP_A,Conditioning loop,2,,,1.549847621296717,DEMONSTRATION / NOT VALIDATED
TYPICAL,LOOP_B,Open-product wash loop,4,,,1.5381476131154714,DEMONSTRATION / NOT VALIDATED
TYPICAL,LOOP_C,Chilled recovery loop,1,,,1.5828384648506073,DEMONSTRATION / NOT VALIDATED
WORST,LOOP_A,Conditioning loop,3,,,1.5541625745805845,DEMONSTRATION / NOT VALIDATED
WORST,LOOP_B,Open-product wash loop,5,,,1.5245268032457118,DEMONSTRATION / NOT VALIDATED
WORST,LOOP_C,Chilled recovery loop,2,,,1.5823408445955454,DEMONSTRATION / NOT VALIDATED
